id,text
0,"RT @SteveScalise: WATCH: Trump's counsel explains what this is really about for Dems:

""They're asking you not only to overturn the results‚Ä¶"
1,"RT @Tutsy22: Her name is Lillian Daniel Gyang, a native of Berom, Plateau State. She is 20-year old, a 100 level student of Zoology, Unimai‚Ä¶"
2,"RT @SenKevinCramer: As I said on this morning‚Äòs @foxandfriends, Democrats already admitted this is all about the next election, but the pow‚Ä¶"
3,George Soros should be afraid of his fate on Judgement day with the Lord!
4,"RT @jelani9: We normally look at Presidents and point out how quickly the office ages them. 

This is the first time that the President loo‚Ä¶"
5,"RT @iDGiam: @jarvok01 LNP &amp; labor stand so close now, you can't see daylight between them... Before the next election there will be new par‚Ä¶"
6,"RT @parminder1397: I need to know the state and country our Shehnaz family is from.

Tell in comments with tag #BornFighterSana"
7,The fact that we have these childish antics makes my eyes roll. I wonder how Pompeo would have acted had he been in‚Ä¶ https://t.co/fI60dwfzYE
8,"RT @DDsulzbach: LMAO I kid you not, a lady just recognized me thru the Wendy's drive thru! She fist bumped me and said, ""fuck onision""  I s‚Ä¶"
9,"RT @_ihudiya: A LIL INTRODUCTION üßê
My name is Rose Ihudiya Amuzie
I grew up in Ajegunle/still living in Ajegunle (which is considered one o‚Ä¶"
10,"RT @eliehonig: Trump has repeatedly claimed not to know Lev Parnas. Now, on top of the photos, we have a recording that appears to show the‚Ä¶"
11,"RT @fugitivemind72: Having a mental disability is fucking hard enough, I know but Fuck..this shit is terrible."
12,"RT @trish_regan: #ICYMI #Dems so blinded by hate for Trump, they‚Äôre handing him the #2020 election! This week will go down in history as th‚Ä¶"
13,"RT @rawnksood: No, I m not secular. Nobody asks Muslims if you are secular. No one asks Christians about their secularism. But why should t‚Ä¶"
14,"RT @my3monkees: ‚ÄúI caught the swamp. I caught them all. I caught all of this corruption that is going on.‚Äù
@realDonaldTrump 

THIS IS WHY D‚Ä¶"
15,@bradmiska ive been considering film school (lucky for me my state has a good public college with film and A/V tech‚Ä¶ https://t.co/wP1ry47s1V
16,@SenMcSallyAZ Paper ballots. Tell #MoscowMitch to get off of his ass and pass the election security bills. https://t.co/zhUingToY4
17,RT @BillKristol: Pompeo is normally pretty controlled and unflappable. Why did he snap? Is he just annoyed he‚Äôs stuck at Secretary of State‚Ä¶
18,"RT @Grace_undiluted: A retweet can save the day, please help me retweet this till it gets the publicity it needs

Jessica oluebube is a 19y‚Ä¶"
19,"RT @parminder1397: I need to know the state and country our Shehnaz family is from.

Tell in comments with tag #BornFighterSana"
20,"RT @FairmontState: UPDATE: Following further assessment of the needed repairs, Fairmont State's campus will remain OPEN on Sunday, Jan. 26.‚Ä¶"
21,"RT @dhaval241086: Newly Inaugurated Bus Depot in Rajkot. Earlier similar Depots were started in Ahmedabad, Baroda and Surat as well. 

Delh‚Ä¶"
22,"RT @GRlNCHIE: Share your reasons for why you‚Äòre voting Bernie 2020, this quote is extremely impactful, especially for newer age voters who‚Ä¶"
23,"@captainbylaws All hail the golden calf 
When LES puts the blame on the STATE OF NEW JERSEY ü§òü§òü§òü§òü§òü§òü§òü§òü§òü§òü§ò"
24,RT @Thomas1774Paine: George Soros in Davos: 2020 Election Will Determine ‚ÄòFate of the World‚Äô https://t.co/8qoPsrLzlC
25,"@flowofchi @maevemarsden @JKR_Tovey @demanrisu @joshuabadge They industrialised pretty quickly, but it was just the‚Ä¶ https://t.co/LRsDJCYl4g"
26,70 years of the republic. The Indian democratic state and Indian constitution have been net positives for an Indian‚Ä¶ https://t.co/al9TAEhN05
27,Police abuse of facial recognition systems has been documented in the past. And privacy advocates fear that the inc‚Ä¶ https://t.co/Xra89Kk3mn
28,"RT @parminder1397: I need to know the state and country our Shehnaz family is from.

Tell in comments with tag #BornFighterSana"
29,"RT @CollegeBBNCAA: WHAT A GAME! Arizona State mounts a massive 22-point comeback to stun #22 Arizona 66-65 in the desert!

 https://t.co/4N‚Ä¶"
30,RT @Thomas1774Paine: ICYMI - EXCLUSIVE: Top FBI Agent Died After Uncovering Hillary Clinton Funneled Billions of Tax Dollars from State Dep‚Ä¶
31,RT @adambspencer: Yeah but what happens when it‚Äôs night time AND it‚Äôs not windy AND someone forgot to turn the battery on AND there are ars‚Ä¶
32,@mtmckissick53 @CBSNews Then why not actually give that order to someone who actually works for the State Departmen‚Ä¶ https://t.co/K5l8AZ292H
33,I wanna go to a Michigan state party
34,RT @ArthurSchwartz: Khashoggi was not a journalist. He was an unregistered foreign agent of Qatar and he got WaPo to publish Qatari propaga‚Ä¶
35,RT @vanderbellen: So good to meet again w/ @PresidentRuvi after my State Visit to #Israel in 2019. Our excellent relationship is defined by‚Ä¶
36,Or umich or literally any Michigan schools but especially Michigan state because that‚Äôs where **** goes
37,"RT @Can2geterdone: üö® Please Join Us on January 28th for a Twitter Storm for @GenFlynn 

#GenFlynn has been horribly and maliciously treated‚Ä¶"
38,"RT @kimmaicutler: Man, I hope @SF_DPH and @flySFO staff are prepared for this. https://t.co/RxO1C5yu7X"
39,"RT @trumpwarrior45: POLL: Who would you vote for if it comes down to these two in the general election? 

VOTE &amp; RT FOR LARGER SAMPLE"
40,"RT @parminder1397: I need to know the state and country our Shehnaz family is from.

Tell in comments with tag #BornFighterSana"
41,Defense at Senate trial says ousting Trump would be 'massive interference' in election https://t.co/VEn92kc0i0 via @ahramonline
42,"RT @fantasticmusic: ""no money paid into fund by Treasury for 24 yrs
from 1990-2014. Politicians of the 3 major parties took decision knowin‚Ä¶"
43,Trump needs to be gone... quit trying to blame other people and divert what he has done. Perhaps your selling out t‚Ä¶ https://t.co/AH0r3b3El0
44,"@nafkotaschenaki There is no accidental sex, it should be done with the right state of mind. Get rid of her/him from your life."
45,"RT @muqingmq: While Chinese people are dying and and China is mass mobilizing state resources, deploying workers, and building hospitals‚ÄîWe‚Ä¶"
46,"RT @RegularResister: Reminder, North Korea complained about Pompeo acting childish and they asked for different representatives. Remember t‚Ä¶"
47,Let's hope so.
48,"RT @kylegriffin1: Barack Obama called Donald Trump a ""fascist"" in a phone conversation with Sen. Tim Kaine during the 2016 presidential ele‚Ä¶"
49,RT @ShammilaB: Me after every bloody election
50,Get yours now :)
51,RT @fred_guttenberg: What a pathetic man you are @SecPompeo.  Did this behavior make you feel better?  Was it because she was a woman?  Are‚Ä¶
52,"RT @RepGosar: Democrats can‚Äôt beat @realDonaldTrump at the ballot, so they‚Äôre trying to rig the election with this impeachment circus.  htt‚Ä¶"
53,"RT @parminder1397: I need to know the state and country our Shehnaz family is from.

Tell in comments with tag #BornFighterSana"
54,RT @Joshua4Congress: I promise to eat 4 pounds of Raisin Bran with no milk on live stream if Bernie wins this election
55,"RT @Sanamsi60003623: From Which State You Are 

Supporting Shehnaaz 

#BornFighterSana"
56,"RT @lourdesgnavarro: I cannot stop thinking about @SecPompeo's statement that is on official US State Department letterhead, disparaging an‚Ä¶"
57,"RT @Nedunaija: After this report, result will still come out of the 'election'. If INEC rejects those results, those who wrote them with th‚Ä¶"
58,"RT @GregNorberg: Can anyone guess what state or even better, what city this might be?

If you want to follow me, I do follow back. https://‚Ä¶"
59,"RT @jennycohn1: 3.  The 2004 Ukraine election was the one in which Viktor Yuschenko (the candidate OPPOSED to Manafort‚Äôs client, pro-Russia‚Ä¶"
60,"@SenSchumer Dipshit, President Trump is innocent. You have to prove he is guilty of crimes worthy of impeachment. T‚Ä¶ https://t.co/GQVf6FZfwj"
61,RT @MichLKosinski: This is at least the third time now we have seen a sr member of State try to say ‚Äúnow we need to be off the record so I‚Ä¶
62,"RT @lourdesgnavarro: I cannot stop thinking about @SecPompeo's statement that is on official US State Department letterhead, disparaging an‚Ä¶"
63,RT @Joshua4Congress: I promise to eat 4 pounds of Raisin Bran with no milk on live stream if Bernie wins this election
64,"What cowards these two  

If they get voted out for holding up their comstitunal duty, they‚Äôll find other jobs some‚Ä¶ https://t.co/demY2y6oQN"
65,By election time #MSM will all endorse @realDonaldTrump
66,RT @ArthurSchwartz: Khashoggi was not a journalist. He was an unregistered foreign agent of Qatar and he got WaPo to publish Qatari propaga‚Ä¶
67,"Baby Griffins!!!! ‚ú®‚ú®üíØ

The Annual SAMAHAN Central Board Election is fast approaching this January 28-30, 2020.
We a‚Ä¶ https://t.co/CAzmXPMeRE"
68,@MeganBitchell That dude from Grand Valley State University? Girl you from Michigan?
69,"RT @People4Bernie: .@MikePosner's Instagram story mini-doc about knocking doors in Iowa for @BernieSanders is an absolute delight.

Cameos‚Ä¶"
70,RT @bigricanman: Rest In Peace bro üíôüòû
71,Now @SecPompeo owes TWO women an apology
72,RT @ReutersWorld: China's Hubei province reports 13 new coronavirus deaths: state media https://t.co/cludFHSPfE https://t.co/DY8tysAIrw
73,"RT @_ihudiya: A LIL INTRODUCTION üßê
My name is Rose Ihudiya Amuzie
I grew up in Ajegunle/still living in Ajegunle (which is considered one o‚Ä¶"
74,"@Masonarnold52 tops 
Tyreak Sapp 3-2 to push @JesuitTampaFL  to a 71-6 victory over St. Thomas Aquinas to win the F‚Ä¶ https://t.co/oZAqcIUu5C"
75,"RT @YemieFash: BREAKING: The Ondo State Govt. under the leadership of @RotimiAkeredolu, and Labour Unions in the state have signed agreemen‚Ä¶"
76,"RT @NPR: Five Democratic senators wrote a letter to @SecPompeo expressing their ""profound disappointment"" over his statement attacking @NPR‚Ä¶"
77,RT @Sharmistha_GK: At the Inaguration of election office of @INCDelhi candidate from Timarpur assembly Smt @SangwanAmarlata ji who is a sit‚Ä¶
78,"RT @parminder1397: I need to know the state and country our Shehnaz family is from.

Tell in comments with tag #BornFighterSana"
79,"RT @NoiritaRehman: From Which State You Are 

Supporting Shehnaaz 

#BornFighterSana"
80,Yentayya idhi @ysjagan @YSRCParty..roju rojuki siggesthundhi maake.. wonderful CM in throwing out industrialists &amp;‚Ä¶ https://t.co/9vSXuF3tS2
81,@youngnastyaka @vonpsu22 @HellinnaShell @landon_tengwall Same boat?!? 3-8 vs 11-2? Beat your team 59-0! Your fans t‚Ä¶ https://t.co/ZIqlrVJLPx
82,"RT @eliehonig: Trump has repeatedly claimed not to know Lev Parnas. Now, on top of the photos, we have a recording that appears to show the‚Ä¶"
83,"RT @NoiritaRehman: From Which State You Are 

Supporting Shehnaaz 

#BornFighterSana"
84,"@ramalokot Help me here im lost!!!
Is there an age limit?
What happens if these founding members reach that age?
Wh‚Ä¶ https://t.co/0pesWzUIux"
85,RT @CBSNews: .@AndrewYang says Democrats should be going on Fox News and criticizes the DNC for not letting the channel host a Democratic d‚Ä¶
86,"RT @rawnksood: No, I m not secular. Nobody asks Muslims if you are secular. No one asks Christians about their secularism. But why should t‚Ä¶"
87,"India's 71st Republic Day celebrations at Green Meadows Park Schools @ KIshan Bagh, Hyderabad, Telangana State.. https://t.co/YlormaE99b"
88,"RT @Grace_undiluted: A retweet can save the day, please help me retweet this till it gets the publicity it needs

Jessica oluebube is a 19y‚Ä¶"
89,"RT @SuzySousa18: I traveled to DC, I helped and attended the Boston rally, I made my voice heard in person at the MA and RI DOH, I have cal‚Ä¶"
90,@halfanewfie2 the salary sucks.  i don't think you should have to pay someone to wreck your state.
91,"RT @parminder1397: I need to know the state and country our Shehnaz family is from.

Tell in comments with tag #BornFighterSana"
92,RT @ResistsGina: @JacquelyneHowa7 To me that means that Donald Trump put out a hit on the Ambassador. Trump wouldn't tell thugs to fire her‚Ä¶
93,"RT @darrengrimes_: This country would‚Äôve been ‚Äòfinished‚Äô had it been so corrupted by the vested interests of the media, legal and political‚Ä¶"
94,RT @RealEricCarmen: No comment necessary.
95,History will write that this was as close as America has come to being taken over by a bloodless coup. The Dems wit‚Ä¶ https://t.co/YosVksQi2h
96,RT @timbawden: Sooty owls nested here a couple of years ago - I guess they won‚Äôt now - Tarago State Forest #GFNP https://t.co/1BFJx3vrjB
97,"@yojke_ @ScottMorrisonMP hate democracy much?  remember the election? the LNP is the peoples choice, so forget it"
98,"RT @parminder1397: I need to know the state and country our Shehnaz family is from.

Tell in comments with tag #BornFighterSana"
99,"@prof_horatio IPANAMA CANAL DEATH KNELL https://t.co/3HYUSm9wR3

That is chilling! TREASON BEYOND TREASON! Assuming‚Ä¶ https://t.co/W79miFi3xF"
100,"RT @marchmadness: Comeback kids üëÄüî•

Arizona State overcomes a 22-point deficit to take down No. 22 Arizona! #ForksUp https://t.co/uCKrQaYzKM"
101,RT @4everNeverTrump: The mere fact that Trump is polling better than every single Democrat should completely destroy the myth that Iowa is‚Ä¶
102,"RT @NoiritaRehman: From Which State You Are 

Supporting Shehnaaz 

#BornFighterSana"
103,"RT @shoe0nhead: good morning here is some election blackpill news

the DNC is using a fucking app controled by them to calculate caucus vot‚Ä¶"
104,RT @cp_srah: @karubaki31 Girl..it does..always..controlling doesn‚Äôt not let the other person grow..it is https://t.co/W8Q9MZ2tHr is not tru‚Ä¶
105,"Remember when Jess metti tindered so much the app said ‚Äúno one is left in your area‚Äù

We were at Michigan state university"
106,RT @UweKnietzsch: the deep state did wuhan
107,"RT @RegularResister: Reminder, North Korea complained about Pompeo acting childish and they asked for different representatives. Remember t‚Ä¶"
108,"RT @parminder1397: I need to know the state and country our Shehnaz family is from.

Tell in comments with tag #BornFighterSana"
109,RT @FabAcademic: Richard Quest in Davos on South African state owned enterprises. All I can say is ku wawu! Ku tricky! Ku rough! https://t.‚Ä¶
110,RT @atrupar: Pompeo has a history of lashing out at reporters instead of answering basic questions üëá
111,"RT @TeamTomatoJos: On Monday 27th of January 2020, we will be breaking ground at the site of our tomato processing factory in Kaduna State.‚Ä¶"
112,"RT @Bibleverse072: Who will you be voting for in the 2020 election?

I attempt to follow everyone who retweets my poll."
113,"RT @RockyWinston007: Vindman should be striped off any military rank and courts martialed.
--Alex Vindman Is Living Proof That The Deep Sta‚Ä¶"
114,RT @QBlueSkyQ: @POTUS @GenFlynn @DevinNunes @jsolomonReports Ukraine was already investigating Burisma and that is why Obama/Biden placed H‚Ä¶
115,RT @nprpolitics: Secretary of State Mike Pompeo was interviewed by @NPRKelly on Iran and Ukraine ‚Äî and ended the interview after questions‚Ä¶
116,"RT @ASimplePatriot: A ‚Äòrecording‚Äô the lefty media loves to ignore:

Obama: ""This is my last election. After my election I have more flexibi‚Ä¶"
117,"RT @Sanamsi60003623: From Which State You Are 

Supporting Shehnaaz 

#BornFighterSana"
118,"#Constitution_Of_SupremeGod

Gita Adhyay no. 16 Shlok no. 23

Translation:¬†He who, abandoning the injunctions of th‚Ä¶ https://t.co/CULvzGfqZk"
119,"RT @realCarrickRyan: #DuttonGate 
Fake 'How To Vote' cards were handed out in Peter Dutton's seat of Dickson designed to trick Greens Voter‚Ä¶"
120,"RT @MusaGwary: We made history
Congratulations to all team members for making this life changing event (TEDxShehuri)happened, this TED  eve‚Ä¶"
121,"RT @NoiritaRehman: From Which State You Are 

Supporting Shehnaaz 

#BornFighterSana"
122,Saying it as it is
123,RT @RudyGiuliani: The corruption is disqualifying enough. But there is also some kind of illness going on and it isn‚Äôt funny. It‚Äôs sad. May‚Ä¶
124,"RECAP | The Waves took a set off the defending national champs tonight, but Long Beach State would win its 45th con‚Ä¶ https://t.co/IrsNZihPFk"
125,RT @RealEricCarmen: No comment necessary. https://t.co/REmQPwVF17
126,"@Jamalwerner1 @DetroitSteel_ First of all, where did I state that I trusted anyone? Second of all, Like I keep stat‚Ä¶ https://t.co/QgBGQkeM17"
127,RT @mynation_pune: @AtulRChaudhary @DGPMaharashtra @CMOMaharashtra @OfficeofUT @PMOIndia @HMOIndia @IPS_Association @PIBMumbai @PIB_India @‚Ä¶
128,"RT @Sanamsi60003623: From Which State You Are 

Supporting Shehnaaz 

#BornFighterSana"
129,RT @CatPurry9: üëáüëáüëáüëáüëáThread: So many scandals. So little time. Is it incompetence? Corruption? Or is it a deliberate stream of scandals to k‚Ä¶
130,"RT @JamesB_65: üéπüéºGIVEAWAY $150! (No. 2 of 2)

To mark the birthday of the great @aliciakeys 

Just like, follow me and retweet.

Winner ann‚Ä¶"
131,"RT @SenKevinCramer: As I said on this morning‚Äòs @foxandfriends, Democrats already admitted this is all about the next election, but the pow‚Ä¶"
132,"@SkyNewsAust Except that the Greens are not in government, federally nor in any state."
133,RT @RandPaul: Dems claim President Trump‚Äôs motive was political and therefore corrupt. I don‚Äôt suppose its possible that the Democrat impea‚Ä¶
134,RT @OUBarstool: Fun fact: Trae Young averages 17 more PPG than all Mississippi State NBA players combined
135,"RT @stormypatriot21: Remember when Michael Cohen had a bunch of tapes??

Remember when Rudy said over 100 tapes and none were Trump.  

Rem‚Ä¶"
136,"@EmmaManzini If you're encountering spoodge that looks like dip, there is ùôôùôöùôõùôûùô£ùôûùô©ùôöùô°ùôÆ ""something rotten in the state‚Ä¶ https://t.co/d4SOJWd6C4"
137,RT @RealEricCarmen: No comment necessary.
138,"RT @SharjeelUsmani: Dear Muslims,

I don't have much hope from others. But if you are going to throw Sharjeel Imam under the bus to gain a‚Ä¶"
139,"RT @HoneyChile15: Lindsey Graham Could Lose His Senate Seat In 2020, After Democratic Challenger

     @harrisonjaime

Has Nearly Tied Him‚Ä¶"
140,"CHINA COVER-UP: Nurse wearing a protective suit and face mask treating the sick in Wuhan claims 90,000 people infec‚Ä¶ https://t.co/SB7VYjyLkc"
141,"RT @trumpwarrior45: POLL: Who would you vote for if it comes down to these two in the general election? 

VOTE &amp; RT FOR LARGER SAMPLE"
142,"RT @Sandhumannu1: What a speed guys bass apne apne charger pass he rakho 
I need to know the state and country our Shehnaz family is from.‚Ä¶"
143,"RT @trumptrain1111: Driving today &amp; caught Art Bell's Somewhere In Time on the radio.

He was interviewing  Mel Waters who apparently had a‚Ä¶"
144,"RT @parminder1397: I need to know the state and country our Shehnaz family is from.

Tell in comments with tag #BornFighterSana"
145,RT @RealEricCarmen: No comment necessary.
146,"RT @PalmerReport: 13) Manchin also verbally panders to the other side sometimes, so that when he votes like a loyal Democrat, he can go hom‚Ä¶"
147,I just learned that Jeremy Lin averaged 15ppg 7ast 6rbs in HS and beat MATER DEI in the state championship. Got CIF‚Ä¶ https://t.co/phe5GkASZy
148,RT @BarbMcQuade: Sekulow is now arguing that Ukraine might have interfered in 2016 election. Fiona Hill warned that this was part of Russia‚Ä¶
149,@marcuskelson I don't know that Mormons ever split the US election. I mean apart from Romney.
150,RT @zaharako: Can anyone mansplain to me why Secretary of State Pompeo is such a gaping asshole? Maps will help. #PompeoMeltdown #PompeoRes‚Ä¶
151,RT @MarkHertling: @RadioFreeTom Knowing this guy replaced @clairecmc in the Senate makes me feel sorry for those in my birth state of Misso‚Ä¶
152,"RT @_ihudiya: A LIL INTRODUCTION üßê
My name is Rose Ihudiya Amuzie
I grew up in Ajegunle/still living in Ajegunle (which is considered one o‚Ä¶"
153,"RT @maggieNYT: Should note here that Kelly says she never agreed to an OTR, and wouldn't have. Pompeo kept talking regardless, and is now c‚Ä¶"
154,RT @SaraCarterDC: That‚Äôs because it is an attempt to subvert the 2016 election and interfere with 2020 election. American‚Äôs voted- they vot‚Ä¶
155,"RT @parminder1397: I need to know the state and country our Shehnaz family is from.

Tell in comments with tag #BornFighterSana"
156,"RT @Tomo20309138: Amid concerns over never-ending Anti-Japan campaigns by South Korea &amp; its state-funded Anti-Japan organization ''VANK'',‚Ä¶"
157,"@ACommonMan1 @dhume @khanumarfa Wow. You submitted Media houses critical of govt. 
All govt irrespective of Party,‚Ä¶ https://t.co/CyEuq7Jora"
158,"RT @stormypatriot21: Remember when Michael Cohen had a bunch of tapes??

Remember when Rudy said over 100 tapes and none were Trump.  

Rem‚Ä¶"
159,@JhaveriVatsala @NeoLibsRiseUp @jaredlholt @AntiFashGordon @VicBergerIV If a Jew is against a two-state solution an‚Ä¶ https://t.co/qFi8g0FHR9
160,Sad- Iowa is Chuck Grassley's state- he should be worried- Iowa- wake up what planet are you living on?
161,"RT @parminder1397: I need to know the state and country our Shehnaz family is from.

Tell in comments with tag #BornFighterSana"
162,RT @GOP: Democrats have cheapened the solemnity of impeachment by turning it into a political weapon. They are trying to overturn the voice‚Ä¶
163,"RT @Stand_with_HK: #Wuhan with over 11 million people will shut down all its public transportation (including airports) on Jan 23, 10am. #C‚Ä¶"
164,RT @FabAcademic: Richard Quest in Davos on South African state owned enterprises. All I can say is ku wawu! Ku tricky! Ku rough! https://t.‚Ä¶
165,"RT @MorningEdition: Mike Pompeo ‚Äî who refused a House subpoena ‚Äî would be a top witness for Democrats in the impeachment trial.

He is not‚Ä¶"
166,RT @ChristopherJM: Scoop: US State Department investigators have interviewed 100s of diplomats &amp; employees at @USEmbassyKyiv this week as p‚Ä¶
167,"RT @Sanamsi60003623: From Which State You Are 

Supporting Shehnaaz 

#BornFighterSana"
168,I cannot wait for this election cycle to be over because it has become quite apparent that all of the mainstream me‚Ä¶ https://t.co/DKikBmdqQm
169,"RT @GaganDe74955373: I need to know the state and country our Shehnaz family is from.

Tell in comments with tag #BornFighterSana"
170,RT @WillieDionisio1: @katsund4 @PatriciaSBear Law-abiding and patriotic Americans must not be complacent but remain vigilant. Reelecting Pr‚Ä¶
171,"RT @BuzzPatterson: Obviously, Laura, you have neither lived with nor worked for @HillaryClinton. 
ü§£ü§£ü§£ü§£ü§£ü§£ü§£ü§£ü§£ü§£ü§£ü§£ü§£ü§£ü§£ü§£ü§£ü§£ https://t.co/V6u7aelB8r"
172,"RT @SenatorMenendez: At a time when journalists around the world are being jailed for their reporting, Sec Pompeo‚Äôs insulting and contemptu‚Ä¶"
173,"RT @leftistthot420: imagine if that 4chan ""state mandated gf"" was real. you have to spent 3 hours in line at the DRS (Department of Relatio‚Ä¶"
174,"The survey is good indication of how innocent are Indians!!

42% blaming law makers for mess while no mention about‚Ä¶ https://t.co/Y6s76xwb3f"
175,@QueenMab87 @ciardha People need to realize that @RalphNader is about as relevant in politics these days as‚Ä¶ https://t.co/FnwmJhQTFW
176,"RT @Sanamsi60003623: From Which State You Are 

Supporting Shehnaaz 

#BornFighterSana"
177,"RT @kaitlancollins: On official letterhead, the secretary of state is now disputing that a reporter was able to correctly point to Ukraine‚Ä¶"
178,RT @Andaman_Admin: Transport Department of A&amp;N receives National &amp; State level awards for improving KMPL https://t.co/Hg5QVSbFY0
179,RT @kylegriffin1: The Oregon Supreme Court has handed down the longest suspension in its history to a judge who refused to marry gay couple‚Ä¶
180,RT @ClaudeRakisits: The US officials let #India off the hook on #Kashmir. Everyone knows that the partial return of the internet is a bad j‚Ä¶
181,"RT @trumpwarrior45: POLL: Who would you vote for if it comes down to these two in the general election? 

VOTE &amp; RT FOR LARGER SAMPLE"
182,"RT @parminder1397: I need to know the state and country our Shehnaz family is from.

Tell in comments with tag #BornFighterSana"
183,RT @SaraCarterDC: That‚Äôs because it is an attempt to subvert the 2016 election and interfere with 2020 election. American‚Äôs voted- they vot‚Ä¶
184,"RT @GaganDe74955373: I need to know the state and country our Shehnaz family is from.

Tell in comments with tag #BornFighterSana"
185,"@geetv79 @1shankarsharma #amitshah made it clear Pakistan Bangladesh Afghanistan are islamic republics,  sharia rul‚Ä¶ https://t.co/900wDksJUj"
186,A blithering idiot starts trying to sound smart by tweeting how hand sanitizers are a waste of money n doesn't help‚Ä¶ https://t.co/oMGryy5PNG
187,"@Sharmistha_GK @ShashiTharoor @NayakRagini @INCDelhi 

Is this is going to be your election campaign slogan?
Is thi‚Ä¶ https://t.co/7DJpFCKxr3"
188,"What a speed guys bass apne apne charger pass he rakho 
I need to know the state and country our Shehnaz family is‚Ä¶ https://t.co/8JUigp0FiH"
189,RT @xennial25: @KimberlyforIowa My Mom died in March. She did not leave a will. Going thru probate. She worked for yrs @ a job that did not‚Ä¶
190,Bjp deserves to be defeated decisively in Delhi. Because they are in power and rather than arresting Sharjeel Imam‚Ä¶ https://t.co/smRTnRxM4V
191,"BBC News - Impeachment: Democrats undoing 2016 election, say Trump lawyers https://t.co/T1QaSgt2UF"
192,@PaulDeCristofo4 @KlLL_knives @LTrotsky21 üëÜüèºBasedPoland is a self proclaimed conservative invested in maintaining a‚Ä¶ https://t.co/PHpHgrANbu
193,U.S. Mayors Want 2020 Presidential Election to Address Infrastructure | Cities | US News https://t.co/kV0h5NeDpP
194,"RT @sushimandi: Thumathinaprojects Pty Ltd

Happy client in Weltevredenpark.

Place your orders on

 0847218777 (WhatsApp)
 0817562186(call‚Ä¶"
195,@Olez Yet state sponsored espionage; the biggest breach to privacy is at all time high and the law won't reduce it.
196,"RT @Tutsy22: Her name is Lillian Daniel Gyang, a native of Berom, Plateau State. She is 20-year old, a 100 level student of Zoology, Unimai‚Ä¶"
197,"RT @shinigamibutter: Just sharing this again. So hopefully it's spread far and wide for the intended day. 

#TrustWonho 
#Ïö∞Î¶¨_ÎÅùÍπåÏßÄ_Ìï®Íªò_Ìï†Í≤å"
198,RT @RandPaul: Dems claim President Trump‚Äôs motive was political and therefore corrupt. I don‚Äôt suppose its possible that the Democrat impea‚Ä¶
199,RT @DokunOjomo: Dear @henryshield @DemolaRewaju @HAHayatu @akaebube @olushola_shola @john_danfulani @UchePOkoye @adeyanjudeji @AishaYesufu‚Ä¶
200,"RT @MaxBlumenthal: Thorough thread on the swamp creatures, Hillary dead enders and war state apparatchiks Perez put forward to rig the game"
201,"RT @Utopiana: Before the media gets in and stuffs it up with their racist underreporting, I‚Äôd like to jump in and state that there is 200k‚Ä¶"
202,"RT @parminder1397: I need to know the state and country our Shehnaz family is from.

Tell in comments with tag #BornFighterSana"
203,"RT @parminder1397: I need to know the state and country our Shehnaz family is from.

Tell in comments with tag #BornFighterSana"
204,RT @amvetsupport: Remember the ‚Äúplaying cards‚Äù in Iraq that portrayed the enemies. We should do the same with the GOP Senate. 53 Senators.‚Ä¶
205,"RT @4everNeverTrump: Don't fall for this bullshit.

Pompeo very carefully does not actually say @NPRKelly pointed at Bangladesh. He's muddy‚Ä¶"
206,"RT @samantha_zager: In front of a packed @AZGOP state convention, @RepDLesko confirmed what Americans are already thinking: the Democrats‚Äô‚Ä¶"
207,"RT @Sturgeons_Law: This should be all over all the news, but it isn't. In a desperate, last-ditch attempt to keep a foothold in the region,‚Ä¶"
208,"RT @realDonaldTrump: The Impeachment Hoax is interfering with the 2020 Election - But that was the idea behind the Radical Left, Do Nothing‚Ä¶"
209,"RT @T__WWG1WGA: @sxdoc @realDonaldTrump @SidneyPowell1 @GenFlynn @BarbaraRedgate @JosephJFlynn1 Where Are The Original 302s?
You Know, The‚Ä¶"
210,"RT @DunzoIt: #ContestAlert 
It‚Äôs all about un-eat-y in divers-eat-y! This #RepublicDay, make your state-ment by telling us your favourite d‚Ä¶"
211,"RT @Nedunaija: And this last one: 

""Earlier in the day, thugs, assisted by the notorious State Anti-Robbery Squad (SARS) of the Nigerian p‚Ä¶"
212,"@Gyiraszin1 @AndrewYang Sorry for the delay i was taking a social media break :) 
@TampaGang is the yang gang for t‚Ä¶ https://t.co/otp8yhyJTn"
213,"RT @VaticanNews: #PopeFrancis approves the election of Cardinal Giovanni Battista Re as the new dean of the College of Cardinals, and of Ca‚Ä¶"
214,@coop4728 @jonfavs Manchin is playing the part of the Reasonable Red State Moderate to exert pressure on the GOP to produce witnesses.
215,"RT @HoneyChile15: Lindsey Graham Could Lose His Senate Seat In 2020, After Democratic Challenger

     @harrisonjaime

Has Nearly Tied Him‚Ä¶"
216,"RT @BuffyWicks: Today Trump threatened the women of CA &amp; our right to access safe &amp; legal abortion.

In Sept‚Äîour Assembly overwhelmingly pa‚Ä¶"
217,"RT @Sanamsi60003623: From Which State You Are 

Supporting Shehnaaz 

#BornFighterSana"
218,"RT @BernieSanders: Young people: this is your election.

If you turn out in record numbers we will not only beat Trump.

We will ensure tha‚Ä¶"
219,"RT @PeppVolleyball: RECAP | The Waves took a set off the defending national champs tonight, but Long Beach State would win its 45th consecu‚Ä¶"
220,Hot-shooting St. Cloud State too much for 'lackluster' Dragons to handle https://t.co/DHEu7oKpwc
221,"RT @tintu_pious: BJP election campaign in Delhi
* Hindu - Muslim and Pakistan

Congress election campaign in Delhi
* AK's cough and weight‚Ä¶"
222,"RT @Harjotdehar: From Which State You Are 

Supporting Shehnaaz 

#BornFighterSana 

Batao?"
223,@VSStangl @wilbe_ @JordanUhl @n_hytrek @NeolibsRReaganD @BernieSanders @AOC @MMFlint @portugaltheman Ames is a coll‚Ä¶ https://t.co/IwEcy1QNFo
224,"RT @tedlieu: I dare any @GOP elected official to call up a foreign government and ask for help against a re-election opponent. 

Let‚Äôs be v‚Ä¶"
225,Some people begin a home based business with out actually creating this particular essential conversion inside thei‚Ä¶ https://t.co/JLrzkLixFc
226,"RT @NoiritaRehman: From Which State You Are 

Supporting Shehnaaz 

#BornFighterSana"
227,@channelstv Which one is ongoing at the moment in Cross-River state please???
228,RT @RaajaBhasin: The column in today's #TheTribune: a background of how Himachal was formed as a state. A window on Himachal coming into be‚Ä¶
229,"Raise your hand if you though @SunDevilHoops was going to win this one after they way they lost the first time.
Her‚Ä¶ https://t.co/15sGd42W7B"
230,@realDonaldTrump @GOPChairwoman Please do something about this voter fraud so the election is not stolen from‚Ä¶ https://t.co/gwUd2ERoYl
231,"RT @DDsulzbach: LMAO I kid you not, a lady just recognized me thru the Wendy's drive thru! She fist bumped me and said, ""fuck onision""  I s‚Ä¶"
232,"RT @IpobosisiomaLga: Ipob Abia state is formidable, watch video of the fearlessness ipob Evangelist mazi maduabuchi nwachukwu preaching Bia‚Ä¶"
233,"RT @GaganDe74955373: I need to know the state and country our Shehnaz family is from.

Tell in comments with tag #BornFighterSana"
234,"RT @iSinghApurva: ‚Å¶. @TajinderBagga‚Å© Ji gets election notice over campaign song, says Kejriwal ‚Äòscared of me‚Äô | Elections News,The Indian E‚Ä¶"
235,RT @MPTourism: Visit MP during upcoming Festive season as the state comes alive with the  colourful &amp; festive fervor. Plan your trip &amp; enjo‚Ä¶
236,"RT @roper_93: Iowa, Iowa, Iowa smh. 

Why are Dems placing so much importance on a state that's 91% white? 

African Americans will determi‚Ä¶"
237,"#1Year_Memory.
President @MBuhari attends Campaign Rally in Osun State on 26th Jan 2019, PHOTOS:üì∏ @BayoOmoboriowo‚Ä¶ https://t.co/vgECoLjDIR"
238,"RT @parminder1397: I need to know the state and country our Shehnaz family is from.

Tell in comments with tag #BornFighterSana"
239,"RT @DokunOjomo: How to get buhari to sign the electoral act 2018

1. A total boycott of the Edo state election.

2. A protest in London, Wa‚Ä¶"
240,RT @tsengputterman: My heart goes out to millions of families whose cherished gatherings and festivities have been disrupted by the coronav‚Ä¶
241,"RT @Trillburne: imagining someone walking into a house with this on the mantle &amp; saying ""whoa, is that your dad meeting the president?"" and‚Ä¶"
242,RT @Sammy_Roth: The California Council on Science and Technology estimates that the state already is liable for more than $500 million in c‚Ä¶
243,"RT @parminder1397: I need to know the state and country our Shehnaz family is from.

Tell in comments with tag #BornFighterSana"
244,RT @thomaswright08: The unavoidable reality is Pompeo never would have been in contention for a senior level appointment in a normal GOP ad‚Ä¶
245,"RT @eliehonig: Trump has repeatedly claimed not to know Lev Parnas. Now, on top of the photos, we have a recording that appears to show the‚Ä¶"
246,"Join us on Facebook,  YouTube and Twitter on 1-28-20 at 6 pm for a live stream Q&amp;A with Dr. Ken Williams, OC Board‚Ä¶ https://t.co/xDvT81DJYo"
247,"RT @battleofever: #FBI agent dead after uncovering #ClintonCrimes. 

High-ranking FBI officials are spilling the beans on a massive cover u‚Ä¶"
248,"RT @PatharBaaz: After removing state holidays from J&amp;K calendar

13 Jul - Martyr‚Äôs Day 
5 Dec - Sheikh Abdullah's birthday

#AmitShah drops‚Ä¶"
249,"RT @Gidi_Traffic: ""@gidifeedtv: In Kogi State University if you wear long hair like this guy, their Vigilante will beat you up because to t‚Ä¶"
250,"RT @AmandaMarcotte: This is just what every abusive man argues: That his victims are obliged to keep his dirty secrets, and if they fail to‚Ä¶"
251,@wayneproctor1 @AaronDodd As we were obviously robbed of a fair election he should stand down and allow for a fair election
252,RT @realDonaldTrump: ‚Äú21 State Attorney Generals denouncing the Impeachment of President Trump.‚Äù @FoxNews
253,WHEN WILL SHE BE ARRESTED????
254,"RT @parminder1397: I need to know the state and country our Shehnaz family is from.

Tell in comments with tag #BornFighterSana"
255,"I used to think the Brits were tough, the men were stand up guys.  Between allowing the criminalization of speech a‚Ä¶ https://t.co/oQaDYDkzve"
256,"RT @HouseForeign: .@NPRKelly gave @SecPompeo the chance to stand up for Ambassador Marie Yovanovitch.

Then she gave him another chance.

A‚Ä¶"
257,"In Nigeria Today, Which State Produces The Highest Population of ASHAWO (Prostitutes)‚ùì

Me: Delta ü§¶"
258,"RT @BuzzPatterson: Vindman should be courts martialed. From one Lt Col to another.
Alex Vindman Is Living Proof That The Deep State Exists,‚Ä¶"
259,"RT @LUCASY2G: Now, intending mothers will take his matter to MFM

Trump yaff lost the election üòÇüòÇüòÑ"
260,"RT @NoiritaRehman: From Which State You Are 

Supporting Shehnaaz 

#BornFighterSana"
261,"@RDNS_TAI Also interesting that standards are lowering. 

Don't even need to complete a full term as a failed Liber‚Ä¶ https://t.co/TLGBQfqdMo"
262,"RT @brithume: If this actually happened to the ‚Äúone reporter‚Äù mentioned below, why is the reporter unnamed? https://t.co/Gc2DuibaFy"
263,RT @DDNational: The state of the art precision attack Apache helicopters participating at the #RepublicDayParade2020 on @DDNational &amp; Live-‚Ä¶
264,I feel so fucking manipulated.... fuck EVER trying to help another person ever again... i gave up my whole life to‚Ä¶ https://t.co/A5Xg3a3l5q
265,RT @Joshua4Congress: I promise to eat 4 pounds of Raisin Bran with no milk on live stream if Bernie wins this election
266,"RT @PemaKhanduBJP: Congratulations to Shri Hailang Nada, DySP 1st APPBN &amp; Shri Kirpa Ram Bhagta, ASI, PTC have been conferred with Presiden‚Ä¶"
267,"RT @T__WWG1WGA: @sxdoc @realDonaldTrump @SidneyPowell1 @GenFlynn @BarbaraRedgate @JosephJFlynn1 Where Are The Original 302s?
You Know, The‚Ä¶"
268,"RT @DDsulzbach: LMAO I kid you not, a lady just recognized me thru the Wendy's drive thru! She fist bumped me and said, ""fuck onision""  I s‚Ä¶"
269,RT @FabAcademic: Richard Quest in Davos on South African state owned enterprises. All I can say is ku wawu! Ku tricky! Ku rough! https://t.‚Ä¶
270,"RT @parminder1397: I need to know the state and country our Shehnaz family is from.

Tell in comments with tag #BornFighterSana"
271,RT @Ezidi2: A Yazidi youth committed suicide after living in despairing conditions in IDPs camp for the past five and a half years. He was‚Ä¶
272,"RT @parminder1397: I need to know the state and country our Shehnaz family is from.

Tell in comments with tag #BornFighterSana"
273,RT @k_satyarthi: Admirable efforts of RajyaSabha panel!Since child pornography is a trans -border organised crime I urge Govt.of India to t‚Ä¶
274,@IsobelCarr @SenKamalaHarris @SenFeinstein Waiting for Alabama state troopers to show up at my house. I've called e‚Ä¶ https://t.co/B9gFQ18u1t
275,"RT @Gidi_Traffic: ""@gidifeedtv: In Kogi State University if you wear long hair like this guy, their Vigilante will beat you up because to t‚Ä¶"
276,@SteveScalise @realDonaldTrump FEC Ellen Weintraub ‚ÄúLet me make something 100% clear to the American public and any‚Ä¶ https://t.co/iNwEXCBAwe
277,"RT @msMorgan1968: üÜò#TN #MEMPHISüÜò
üö®OVERBRED &amp; NEGLECTED! 4yo #CLAKA hw+ She has hairloss, broken teeth, wrinkled skin which is in a sorry st‚Ä¶"
278,"Manafort may have stopped cooperating with Mueller because we [DC Law Firm Mahoney Law and ""Swamp Advocates""]were i‚Ä¶ https://t.co/0R3Ch38esx"
279,"@WaltonBuzzGT @DavidAFrench You will not find an equivalence of ANY sec of state acting this way, from ANY party. It‚Äôs nuts."
280,"RT @NoiritaRehman: From Which State You Are 

Supporting Shehnaaz 

#BornFighterSana"
281,RT @KagisoMonyadiwa: Richard Quest in Davos on South African state owned enterprises. But these are things we normally tell our fellow Sout‚Ä¶
282,RT @rubatheesan: Sirisena poured more than Rs. 25 billion into his Polonnaruwa-Rs 25.293 billion was used for various development projects‚Ä¶
283,RT @ASBreakingNews: Note that this is from Chinese state media.. so.. it is ‚Äúofficial‚Äù but if it‚Äôs true- nobody can confirm that. -@ASBreak‚Ä¶
284,RT @ushadrons: Pennsylvania Republican state senator Mike Folmer arrested for child pornography https://t.co/tN4qVI3JUr
285,RT @AsharJawad: Pashtun girl shot dead by Afghan army in Kandahar. Protesting father also killed. Condemnable state brutality against our b‚Ä¶
286,Hopefully this evil piece of shit will rid the world of his presence soon.
287,"I thought the spiritual path would lead me to blissful state of peace--you know, Buddha under a tree type shit.

Bu‚Ä¶ https://t.co/L2nWF2DJwQ"
288,"RT @YemieFash: BREAKING: The Ondo State Govt. under the leadership of @RotimiAkeredolu, and Labour Unions in the state have signed agreemen‚Ä¶"
289,RT @classiclib3ral: Checking in on the discourse in the libertarian party primary. This is one of their frontrunners for the presidential e‚Ä¶
290,RT @SaraCarterDC: That‚Äôs because it is an attempt to subvert the 2016 election and interfere with 2020 election. American‚Äôs voted- they vot‚Ä¶
291,Keep doing what your doing #PoorMissLindsey !
292,RT @jidesanwoolu: #EkoExcel was initiated with the objective to develop highly skilled teachers; supporting and motivating them to succeed.‚Ä¶
293,I‚Äôm thinking this is a feature not a bug
294,"RT @ChrisJZullo: @realDonaldTrump @FoxNews @OANN @CNN Mitch McConnell used nuclear option to tamper with Supreme Court, budget trick to ram‚Ä¶"
295,"@Astro_Catholic If you accept the Church's traditional teachings on male and female roles, Church/state relations,‚Ä¶ https://t.co/G0nBJCdhW4"
296,RT @BaynesFanClub: NBA Deep State Expose Part III https://t.co/BxkN4zLd9R
297,RT @lynniebee70: @nicky_zwan @55true4u OIG report on election interference mentioned it twice-HRC/CF crimes against children.  It's gotta b‚Ä¶
298,@JPMediaBoss @CAGOP The @CAGOP doesn't present any counter-policies to the failures of the @CA_Dem policies. And‚Ä¶ https://t.co/5xtBwf0Qn8
299,"RT @Alyssa_Milano: Here are the 19 Republican senators who are up for re-election in 2020. 

#NovemberIsComing https://t.co/c8Cx5sDyIa"
300,"RT @Harjotdehar: From Which State You Are 

Supporting Shehnaaz 

#BornFighterSana 

Batao?"
301,"RT @HoneyChile15: Lindsey Graham Could Lose His Senate Seat In 2020, After Democratic Challenger

     @harrisonjaime

Has Nearly Tied Him‚Ä¶"
302,"RT @samantha_zager: In front of a packed @AZGOP state convention, @RepDLesko confirmed what Americans are already thinking: the Democrats‚Äô‚Ä¶"
303,I think our state of economic affairs will be better if we hired qualified and capable people who were also not mon‚Ä¶ https://t.co/nCrEUISKLA
304,"RT @jennycohn1: 1. Thread. Per election attorney &amp; author Bob Fitrakis, two key players involved in OHIO 2004 voting machine shenanigans al‚Ä¶"
305,RT @vasantshetty81: The real solution would be amendment to article 343-351 and giving official status to all scheduled languages. Until th‚Ä¶
306,"RT @DennisChristo4: Please #RT ! This can not stand. CLAKA must be saved, look at her ! Come on Memphis... this girl need us please #pledge‚Ä¶"
307,"RT @Sanamsi60003623: From Which State You Are 

Supporting Shehnaaz 

#BornFighterSana"
308,RT @RudyGiuliani: The corruption is disqualifying enough. But there is also some kind of illness going on and it isn‚Äôt funny. It‚Äôs sad. May‚Ä¶
309,"RT @_ihudiya: A LIL INTRODUCTION üßê
My name is Rose Ihudiya Amuzie
I grew up in Ajegunle/still living in Ajegunle (which is considered one o‚Ä¶"
310,"RT @Grace_undiluted: A retweet can save the day, please help me retweet this till it gets the publicity it needs

Jessica oluebube is a 19y‚Ä¶"
311,@ghostapple_ari Dont bring J*on into this. He properly apologized for his actions and has shown that he learned fro‚Ä¶ https://t.co/rvHzdLSJCV
312,"@SaraCarterDC Absolutely ridiculous....

These Deep State Dems try to accuse the Republicans of their own misgivings!"
313,"I need to know the state and country our Shehnaz family is from.

Tell in comments with tag #BornFighterSana https://t.co/u9en5gFTv4"
314,RT @waltshaub: Pompeo claims @NPRKelly mistakenly identified Bangladesh as Ukraine. As we evaluate what may be the most breathtakingly chil‚Ä¶
315,RT @psikiddo: Only in Mindanao State University https://t.co/2YyqJoJIgp
316,RT @GovWhitmer: Thrilled to have the opportunity to deliver the Democratic Response to the State of the Union. Democrats are laser-focused‚Ä¶
317,RT @AdvoBarryRoux: One of the Principal‚Äôs Pitiki Shuping‚Äôs Side Chick from the School called Matseripe in The small Town of Ventersburg in‚Ä¶
318,"RT @Sanamsi60003623: From Which State You Are 

Supporting Shehnaaz 

#BornFighterSana"
319,RT @onlyyoontv: #China imposes restrictions for travel to Beijing. Capital to suspend all inter-provincial road passenger transport from Su‚Ä¶
320,"China's Shantou city will not ban cars, ships, people from entering, state media reports https://t.co/1z1SxpCCBS"
321,"RT @AlexandraChalup: Who really pays Jay Sekulow &amp; his family tens of millions of dollars to run a religious extremist, dark money, legal e‚Ä¶"
322,"RT @RegularResister: Reminder, North Korea complained about Pompeo acting childish and they asked for different representatives. Remember t‚Ä¶"
323,"RT @delabrooke: @SenatorLankford @CNN @realDonaldTrump Who's stopping United State's corruption under the @GOP? 

Assassinating Soleimani w‚Ä¶"
324,"RT @parminder1397: I need to know the state and country our Shehnaz family is from.

Tell in comments with tag #BornFighterSana"
325,RT @Cjblamen: You need to watch Nolan Hickman ! Best Pg in the State of Washington class of 2021 Eastside Catholic &amp; plays for Rotary EYBL.‚Ä¶
326,RT @DineshDSouza: Criteria for dictators: 1. Political opponents are silenced or jailed 2. No freedom on the part of citizens or press to d‚Ä¶
327,"RT @40_head: What's this ""they should be removed from office"" bull crap?

People died because those supplies were hidden from victims.

The‚Ä¶"
328,RT @antoniogm: This just screams opening-credits explainer to an apocalyptic plague film.
329,"RT @alsermenophoto: TSA Agent commenting on my shirt as I passed through security this morning: ‚ÄúCal State?‚Äù
üôÑ"
330,"RT @parminder1397: I need to know the state and country our Shehnaz family is from.

Tell in comments with tag #BornFighterSana"
331,"RT @AashiqKabeerX: Narendra Modi

The man who facilitated the state sponsored pogrom in Gujarat (2002)

Let's revisit it.

[thread]"
332,RT @sam_vinograd: @ErinBurnett¬†discussion on how Pompeo is castrating the State Department's ability to implement what used to be a core US‚Ä¶
333,RT @ABC: A 62-year-old man tried to disguise a fake skeleton as a passenger just to use the HOV lane before an Arizona state trooper pulled‚Ä¶
334,RT @ReutersWorld: China's Hubei province reports 13 new coronavirus deaths: state media https://t.co/cludFHSPfE https://t.co/DY8tysAIrw
335,RT @imranmulla_: I don‚Äôt think people will acc ever know the extent to which having bad skin/spots affects your mental state
336,"RT @Sanamsi60003623: From Which State You Are 

Supporting Shehnaaz 

#BornFighterSana"
337,"RT @NPR: ICYMI: Utah has become the 19th ‚Äî and most conservative ‚Äî state in the U.S. to ban the widely discredited practice of LGBTQ ""conve‚Ä¶"
338,"RT @realCarrickRyan: There is no Liberal Party branding on the sign 

Liberal officials admit in court that the signs were designed to conv‚Ä¶"
339,RT @bellamagick315: @tribelaw We will never have a fair election again +  Trump will be a dictator. Russia wins because democracy will be s‚Ä¶
340,"RT @smalltownandrew: EXPOSED on VIDEO! ARIZONA: Democrats caught by undercover journalist directing ILLEGALS how to vote!

Wow the Democrat‚Ä¶"
341,"A &amp; N Islands
#BornFighterSana"
342,"RT @CatskillJulie: #SwarmTheSenate #SwarmTheCapitol 

Call and visit their in-state offices, too."
343,RT @researchremix: exactly!  And you can model this for your institution using Unpaywall Journals.  Come by table 867 for a demo.  #alamw20
344,RT @davidsirota: This is one of my favorite articles from the 2020 campaign. It is from way back in March of 2019. It shows that from the v‚Ä¶
345,"RT @cryborg: If impeachment fails?
Checks and balances destroyed?
Election hijacked
Protests restricted
If the Pentagon doesn‚Äôt act?
We wil‚Ä¶"
346,"RT @arishapiro: The coda to @NPRKelly's interview with @SecPompeo is shocking. As described on @npratc: He screamed, swore at her, and said‚Ä¶"
347,RT @ZcohenCNN: New: Senate Dems write to Pompeo: ‚ÄúAt a time when journalists around the world are being jailed for their reporting ‚Äî and as‚Ä¶
348,"RT @angelfrmcanada: Everyone needs to listen to this awesome interview! 
Pompeo lied about standing up for Marie Yovanovitch and told many‚Ä¶"
349,"RT @Harjotdehar: From Which State You Are 

Supporting Shehnaaz 

#BornFighterSana 

Batao?"
350,"RT @NoiritaRehman: From Which State You Are 

Supporting Shehnaaz 

#BornFighterSana"
351,"RT @ChrisWarcraft: Outbreak, starring Rene Russo and Dustin Hoffman (2020)"
352,"@seaglassbeach1 Car break-ins.  Deemed compassionate to tolerate:
""An epidemic of car burglaries in San Francisco h‚Ä¶ https://t.co/1zfbuRwYgq"
353,RT @DineshDSouza: Criteria for dictators: 1. Political opponents are silenced or jailed 2. No freedom on the part of citizens or press to d‚Ä¶
354,"RT @parminder1397: I need to know the state and country our Shehnaz family is from.

Tell in comments with tag #BornFighterSana"
355,"RT @YemieFash: BREAKING: The Ondo State Govt. under the leadership of @RotimiAkeredolu, and Labour Unions in the state have signed agreemen‚Ä¶"
356,RT @ASBreakingNews: URGENT: #China BANS ALL buying and selling of wildlife animals (dead and alive) until #CoronaVirus is contained.  State‚Ä¶
357,"RT @samantha_zager: In front of a packed @AZGOP state convention, @RepDLesko confirmed what Americans are already thinking: the Democrats‚Äô‚Ä¶"
358,"I thought the state was supposed to surveil citizens, not the other way around.
I want to laugh at China for playin‚Ä¶ https://t.co/tbn9hLWdMF"
359,"RT @haaohaoo: NPR's Mary Louise Kelly said Secretary of State Mike Pompeo cursed, yelled at her and made her point to Ukraine on a map afte‚Ä¶"
360,"RT @LizaRosen101: @FleurHassanN @MosheLion Unfortunately, anti-Semites use the dead child to spread blood libel against Jews.
It is sad to‚Ä¶"
361,"RT @Harjotdehar: From Which State You Are 

Supporting Shehnaaz 

#BornFighterSana 

Batao?"
362,RT @RebekahWriter: My friend‚Äôs father was sent to live in a stall in a horse barn when he was a boy because his parents were from Japan. I‚Ä¶
363,"RT @parminder1397: I need to know the state and country our Shehnaz family is from.

Tell in comments with tag #BornFighterSana"
364,"RT @Sanamsi60003623: From Which State You Are 

Supporting Shehnaaz 

#BornFighterSana"
365,@stl_blonde @HawleyMO None of that is relevant to the impeachment trial. Except as a distraction.  If you believe w‚Ä¶ https://t.co/Epi1ZSt72x
366,RT @JudicialWatch: A Judicial Watch lawsuit forced the state of California to begin removing more than 1.5 million potentially invalid name‚Ä¶
367,"RT @_ihudiya: A LIL INTRODUCTION üßê
My name is Rose Ihudiya Amuzie
I grew up in Ajegunle/still living in Ajegunle (which is considered one o‚Ä¶"
368,IDK what came over me yesterday I thought enoughs enough and they can finally know how sh*t my mental state has bee‚Ä¶ https://t.co/Sr03fmJ0Tz
369,"RT @Sanamsi60003623: From Which State You Are 

Supporting Shehnaaz 

#BornFighterSana"
370,RT @RepByrne: More great economic news! The economic renaissance under @realDonaldTrump is putting Americans back to work and raising wages‚Ä¶
371,"RT @TheLoyalO: Fantastic detective work by The Guardian identifies Neo-Nazi terror network leader of The Base as Rinaldo Nazzaro, American‚Ä¶"
372,"RT @GaganDe74955373: I need to know the state and country our Shehnaz family is from.

Tell in comments with tag #BornFighterSana"
373,"RT @eliehonig: Trump has repeatedly claimed not to know Lev Parnas. Now, on top of the photos, we have a recording that appears to show the‚Ä¶"
374,he‚Äôs dressed like an urban outfitters employee that lives in a cold stateüòå
375,Insecure South African men are a danger to women. The state of gender based violence has reached dangerous proporti‚Ä¶ https://t.co/nBeegEVmnF
376,"RT @MiddleEastEye: 69-year-old Aboul-Fotouh, founder and president of the Strong Egypt party, came fourth in the 2012 presidential election‚Ä¶"
377,‚ÄúIndian Economy going through recession not slowdown.‚Äù- Prof. Arun Kumar. Congratulations @GurgaonAipc on successfu‚Ä¶ https://t.co/yjM3KDHMfz
378,"RT @Harjotdehar: From Which State You Are 

Supporting Shehnaaz 

#BornFighterSana 

Batao?"
379,"RT @rsrobin1: To mark the #550thPrakashPurb of #BabaGuruNanak, the founder of #Sikhism'', the Punjab government dedicated state's tableau o‚Ä¶"
380,@RussRock2015 @MarkDice @RepSwalwell @realDonaldTrump They will have new manufactured evidence every day right up t‚Ä¶ https://t.co/Wsj7zhuI7Q
381,"RT @KannadaGrahaka: #ServiceInMyLanguage is a popular campaign demanding service in the local language. In the banking sector, pro-Kannada‚Ä¶"
382,RT @ddale8: NPR's Mary Louise Kelly says the following happened after the interview in which she asked some tough questions to Secretary of‚Ä¶
383,"RT @kylegriffin1: One thing that the Secretary of State's new statement does not do is deny that he asked @NPRKelly, ""Do you think American‚Ä¶"
384,@Wednesdaeks I‚Äôm no longer the guy you‚Äôve met. I‚Äôm more pissed off at the state and wished everyone tied to the state would get a life.
385,RT @zhonggg: NEW: The U.S. State Department says a charter flight will evacuate American diplomats and private citizens from Wuhan on Tuesd‚Ä¶
386,Meghan Markle to become more ‚Äòpolitically engaged‚Äô and may intervene in US presidential¬†election‚Ä¶ https://t.co/UcGaSvk1VY
387,The results of urban local bodies in the state have reflected the
waning popularity of the,
Congress party in many p‚Ä¶ https://t.co/OGgp2E8GY9,
388,Checks Arizona State MBB score: https://t.co/ebBmOC7dJP
389,RT @RahulGu95985014: Hindu rashtra does not means second class citizens to minority as it is in islamic state . Hindu rashtra is imp for pr‚Ä¶
390,RT @AP_Oddities: A 62-year-old man tried to disguise a fake skeleton as a passenger just to use the HOV lane before an Arizona state troope‚Ä¶
391,RT @AashiqKabeerX: VHP calls for a state wide bandh against the direct order of SC who called these strikes illegal and unconstitutional.‚Ä¶
392,"RT @NoiritaRehman: From Which State You Are 

Supporting Shehnaaz 

#BornFighterSana"
393,"‚ÄúWe lowered expectations. They weren‚Äôt teaching anyway...‚Äù
Until they were able to get the behaviour issues of some‚Ä¶ https://t.co/NnJOBg0weU"
394,"RT @parminder1397: I need to know the state and country our Shehnaz family is from.

Tell in comments with tag #BornFighterSana"
395,"RT @1IronMan2020: Pat Cippoline was excellent.¬†

He's convinced me more of Trump's¬† guilt than ever. 

As if this needs repeated, the frame‚Ä¶"
396,"RT @parminder1397: I need to know the state and country our Shehnaz family is from.

Tell in comments with tag #BornFighterSana"
397,RT @onlyyoontv: #China bans all buying and selling of wildlife animals (live or dead) until #WuhanCoronavirus epidemic ends. State Administ‚Ä¶
398,RT @fred_guttenberg: What a pathetic man you are @SecPompeo.  Did this behavior make you feel better?  Was it because she was a woman?  Are‚Ä¶
399,"If New York City lets non-citizens vote, it seems to me that they cannot vote in any election connected to, or voti‚Ä¶ https://t.co/IubiPDMi38"
400,"RT @leahmcelrath: Re video of Parnas‚Äô dinner with Trump cont.:

‚Ä¢Imagine how many opportunities there have been for anyone to record everyt‚Ä¶"
401,RT @c_aashish: Great discussion on state of the economy and what the upcoming Union Budget may have in store - @harshmadhusudan in conversa‚Ä¶
402,RT @RealEricCarmen: No comment necessary.
403,RT @onlyyoontv: #China bans all buying and selling of wildlife animals (live or dead) until #WuhanCoronavirus epidemic ends. State Administ‚Ä¶
404,"RT @AOstashen: United flight 2572 departed out MD and landed at GITMO... Ya I‚Äôm pretty sure they are using it. They have barges near by, ha‚Ä¶"
405,RT @DGradenigo: I can't be the only person who sees the parallels between Tupac's Me Against The World Album and President Trump being rail‚Ä¶
406,RT @taedcms: A dom noticing that everything's getting a little too much for their sub so they slow down and put their hand against their su‚Ä¶
407,@moinaksg @rupagulab Eagerly waiting. Every other non bjp state govt has done this already.
408,"RT @UgwunnaEjikem: Viewers Discretion!

Daciya Dalep a 200 level UniMaid student from Plateau State, abducted on his way back to school 2 w‚Ä¶"
409,"RT @NPR: Five Democratic senators wrote a letter to @SecPompeo expressing their ""profound disappointment"" over his statement attacking @NPR‚Ä¶"
410,RT @rohanrgupta: Choice of Guest on #RepublicDay2020  #JairBolsonaro  speaks a lot about ideology of BJP Government ! Some of his statement‚Ä¶
411,"RT @Gideon_Kitheka: My Grandfather is a Kikuyu and My Mom is a Kikuyu.

Since Kenya became a Multiparty State, Kiuks have never ever voted‚Ä¶"
412,@ZemenuYA @DanielBekele His sole responsibility is to give z govt Human Rights friendly image in z intl stage &amp; shi‚Ä¶ https://t.co/iYQwItGemg
413,"RT @BunchOfPuppits: I'm a vet. People debating #TakeAKnee is exactly why I served. 

People refusing to allow others to state their opinion‚Ä¶"
414,I took a break from the news cycle today and it was glorious. You really don‚Äôt realize how much stress and anxiety‚Ä¶ https://t.co/R6n0PWqHC8
415,@LauraKusisto @WSJ I was told by three Florida residents in August to keep our california liberal politics in our s‚Ä¶ https://t.co/8Q2lIbgaI4
416,"RT @CNN: Secretary of State Mike Pompeo has a track record of outbursts and outright hostility toward members of the news media, analysis b‚Ä¶"
417,"RT @TrentSpiner: SALEM, N.H. ‚Äî Joe Biden spent two days in New Hampshire without taking any questions from voters at his public events, a s‚Ä¶"
418,"RT @Telugu360: Andhra (@ncbn ) has heralded Indian states' presence at Davos. 

While other states have picked the baton and marketing thei‚Ä¶"
419,"RT @IndWorldThinker: Its Saturday already and the likes of Thandi Modise and her bosses Stupid-heizen CR and Paraffin have officially:

TUR‚Ä¶"
420,"RT @_TheAlarmClock_: @leftkist @RuckCohlchez Well, he rolled over &amp; let the guy inherit a massive surveillance state, the groundwork for im‚Ä¶"
421,"RT @ForLibrarians: If you don‚Äôt live in a red or purple state, you might not appreciate how universally FOX is on in homes and public place‚Ä¶"
422,"RT @NoiritaRehman: From Which State You Are 

Supporting Shehnaaz 

#BornFighterSana"
423,"RT @LilMissTootin: @HawleyMO Wow. Truly this is going to be 2016 election again. This time, Joe Biden being investigated ON TRUMP'S IMPEACH‚Ä¶"
424,"RT @suhayllo: It's not about being petty, it's forcing citizens to become submissive to the state. This is the face of Uhuru's authoritaria‚Ä¶"
425,"RT @desnewssports: Utah State ‚Äòanswered the bell‚Äô by pulling away in second half of 77-61 win over Colorado State
By @JefferySHunter
https:‚Ä¶"
426,"RT @NoiritaRehman: From Which State You Are 

Supporting Shehnaaz 

#BornFighterSana"
427,RT @jflonyc: WATCH:  This is why that Ambassador was fired. Trump knew this.
428,"RT @Utopiana: Before the media gets in and stuffs it up with their racist underreporting, I‚Äôd like to jump in and state that there is 200k‚Ä¶"
429,"RT @_ihudiya: A LIL INTRODUCTION üßê
My name is Rose Ihudiya Amuzie
I grew up in Ajegunle/still living in Ajegunle (which is considered one o‚Ä¶"
430,"RT @rawnksood: No, I m not secular. Nobody asks Muslims if you are secular. No one asks Christians about their secularism. But why should t‚Ä¶"
431,RT @PattyArquette: These Republican seats are up in this election and their democratic opposition is below their names. https://t.co/W1jSh2‚Ä¶
432,"RT @Jord_45: Canada is the worst country for ""Orange man bad!"".

These people have lost their minds, absolutely brainwashed by Trudeau's St‚Ä¶"
433,RT @JaxNole14: Baby Juaun Williams
434,"RT @parminder1397: I need to know the state and country our Shehnaz family is from.

Tell in comments with tag #BornFighterSana"
435,RT @steventyler_15: Kansas State head coach Bruce Weber on Kira Lewis Jr: ‚ÄúWe couldn‚Äôt control him.‚Äù https://t.co/uKHaH2f6aO
436,"RT @parminder1397: I need to know the state and country our Shehnaz family is from.

Tell in comments with tag #BornFighterSana"
437,"RT @brw21605: Fuck it.  I'm back.  Dude, you're trying to torpedo Medicare for All in a state where the infant mortality rate is much highe‚Ä¶"
438,"RT @JulieReichwein1: Laura Loomer, ‚ÄúI am a firm believer in upholding the law to the fullest extent. It‚Äôs long overdue to charge Rashaida T‚Ä¶"
439,"RT @MarkHertling: As a guy who used to deal with both Russia and Ukraine...yes, @joelockhart, it is a Russian disinformation campaign and i‚Ä¶"
440,"RT @alexnunns: The last frame of this video, showing Jeremy with Simon Baker, hit me like an articulated truck. With the election and every‚Ä¶"
441,"RT @NextRevFNC: TRUMP BUMP: The U.S. economy is in the midst of the longest-running expansion in its history

https://t.co/j3uhvIsDT0

#Pos‚Ä¶"
442,RT @onlyyoontv: #China bans all buying and selling of wildlife animals (live or dead) until #WuhanCoronavirus epidemic ends. State Administ‚Ä¶
443,"State Sen. candidate Jackie Fielder introduces housing plan, says SB 50 is on its ‚Äòlast¬†legs‚Äô https://t.co/uAkYMXR7ld"
444,Congratulations BLHS FCCLA on all your hard work and success at our Region 3 Competition today! Proud that all comp‚Ä¶ https://t.co/7ED0A4jWrb
445,RT @AnthonyMichau18: I believe Killery wants to own the record of the most suicides in modern times. https://t.co/Aut4V7KOKf
446,@thehill Then they are history on their next re-election attempt. https://t.co/UudPA1PYe9
447,"RT @Ibkofficial1: Akure
Capital of Ondo State. 
The Sunshine state. ‚òÄ 
üì∑: @Ibkofficial1 
Taken with @TECNOMobileNG Camon 12  Pro https://t.‚Ä¶"
448,@TrumpsToupee5 @sfchronicle The morale has been gone for a long time in the State in general. It‚Äôs awful but there‚Ä¶ https://t.co/5Q1xihudr5
449,RT @AliAbunimah: Congratulations @EUinIsrael @BelgiuminIsrael! Your policy of hugging and rewarding the inherently racist occupation regime‚Ä¶
450,"State Sen. candidate Jackie Fielder introduces housing plan, says SB 50 is on its ‚Äòlast¬†legs‚Äô https://t.co/aIVzurqrF0"
451,"RT @kylegriffin1: Sens. Menendez, Kaine, Markey, Merkley, and Booker have sent a letter to Mike Pompeo ""expressing serious concerns about a‚Ä¶"
452,That‚Äôs Love!! And when it happens I‚Äôll have a costume jersey W his name on it! I‚Äôm already a fan
453,RT @TheQuint: Opinion | #NIA Act empowers the central government to take over any investigation related to scheduled offences (including UA‚Ä¶
454,RT @Bill_Kurelic: My latest Crystal Ball pick has #OhioState landing a 4-star line target. VIP https://t.co/v3HLcTlIT3
455,"RT @_ihudiya: A LIL INTRODUCTION üßê
My name is Rose Ihudiya Amuzie
I grew up in Ajegunle/still living in Ajegunle (which is considered one o‚Ä¶"
456,"RT @RedDizzlah: No more taxes for #Macron?
#MacronDemission #GiletsJaunes"
457,"RT @bern_identity: THIS IS BIG! üëáüëáüëá 

Only #Bernie2020 who's also polling highest with Latinos nationally and in CA - state with most Latin‚Ä¶"
458,@IndianUnitedfan @itzmeanant @Girishjha2017 @DDNewslive Gujarat and many other state passed act to stop the high Tr‚Ä¶ https://t.co/ftkC0n2Wh2
459,"RT @ConnieSchultz: Read the transcript but listen to the broadcast, too. @NPRKelly gave a master class on how one conducts an informed inte‚Ä¶"
460,"RT @ARanganathan72: The state of Freedom of Speech and Expression under Jawahar Lal Nehru, supposedly the lord and protector of liberty and‚Ä¶"
461,"RT @trumptrain1111: Driving today &amp; caught Art Bell's Somewhere In Time on the radio.

He was interviewing  Mel Waters who apparently had a‚Ä¶"
462,"#SaveAmaravati.BJP is experimenting all its missiles in AP,by somehow to spoil the image of CBN,occupy AP state,the‚Ä¶ https://t.co/F6RfN2nBs5"
463,"RT @V_4_Vendatta: US Embassy pressed Ukraine to drop probe of George Soros group during 2016 election https://t.co/BGPbOYXX1J

#dcqstaff #T‚Ä¶"
464,"RT @GaganDe74955373: I need to know the state and country our Shehnaz family is from.

Tell in comments with tag #BornFighterSana"
465,"RT @yusufdano: You should not even start this, in all standard, KATSINA will always lead ahead of the saharan SOKOTO.
We forgive you for th‚Ä¶"
466,"RT @ChicoWildcats: It is with great sadness that we share the news that Cody Hein, a passionate advocate for the sport of women‚Äôs volleybal‚Ä¶"
467,"RT @jennycohn1: 3.  The 2004 Ukraine election was the one in which Viktor Yuschenko (the candidate OPPOSED to Manafort‚Äôs client, pro-Russia‚Ä¶"
468,"RT @sellitinPH: If u are from or resident in Rivers State, RT &amp; follow everyone that retweet this, let's revive our twitter community #Twit‚Ä¶"
469,They were never recognised by any State and so never got any help from anyone.They started collecting dry wood from‚Ä¶ https://t.co/UxkuKivAas
470,"RT @parminder1397: I need to know the state and country our Shehnaz family is from.

Tell in comments with tag #BornFighterSana"
471,"RT @PemaKhanduBJP: Congratulations to Shri Hemant Tiwari IPS, SP Lower Subansiri on being conferred with the prestigious Presidents Police‚Ä¶"
472,RT @ParBeeaN: Please do read the whole thread. The analysis by @BrynnTannehill has eye-opening similarities with India's present state of a‚Ä¶
473,RT @Igwebuikekings: Upon the activation of the Emergency Operations Centre (EOC) for Lassa Fever outbreak in Borno state. The state has hel‚Ä¶
474,"RT @JimHansonDC: The #GOP has a new ad showing the true goal of the Democrats/Left

Power
Over you
Tyranny
Of the state 

Don't let them ha‚Ä¶"
475,RT @harshmadhusudan: 70 years of the republic. The Indian democratic state and Indian constitution have been net positives for an Indian ci‚Ä¶
476,@est__grey Yes and it‚Äôs an election year. Yay
477,"RT @FIGHT_2_KAG: Schumer bitches today Trump fired an ambassador who had spent her life in public service.

üì∏FLASHBACK: Obama fired EVERY B‚Ä¶"
478,"RT @alexbruesewitz: President @realDonaldTrump did/said nothing wrong on the video illegally recorded by Lev Parnas.

Lev Parnas violated t‚Ä¶"
479,Yes. It means that .@realDonaldTrump is changing the world for the better
480,"RT @asharadil1: Do you know !!!
Today is the #BlackDay because India is cheating to show extremist Hindu State as a democratic state

Ok he‚Ä¶"
481,RT @maddow: Listen to this. It's less than a minute. Seriously -- just check this out:
482,RT @historylvrsclub: Princess Anne during a state visit to Norway in 1971. See more pictures: https://t.co/5DkXAWdtCI https://t.co/EfuMjiv0‚Ä¶
483,"RT @SteveScalise: WATCH: Trump's counsel explains what this is really about for Dems:

""They're asking you not only to overturn the results‚Ä¶"
484,RT @Bellingersworld: Mike Fiers and Felipe Vazquez when they link up in the state penitentiary https://t.co/y0s7TvgShZ
485,"RT @Utopiana: Before the media gets in and stuffs it up with their racist underreporting, I‚Äôd like to jump in and state that there is 200k‚Ä¶"
486,"RT @Grace_undiluted: A retweet can save the day, please help me retweet this till it gets the publicity it needs

Jessica oluebube is a 19y‚Ä¶"
487,@IGottaNumBum @StuMorrisonNZ @GregOhariu That'll be an electorate to watch. I'm picking he'll be a one term MP after the election.
488,RT @RudyGiuliani: The corruption is disqualifying enough. But there is also some kind of illness going on and it isn‚Äôt funny. It‚Äôs sad. May‚Ä¶
489,@kingsofanimee @itscarneezyy @gamester1440 You right like pure of heart and pure conscious is the same thing. Like‚Ä¶ https://t.co/fMZZYbbkvi
490,"RT @AashiqKabeerX: Narendra Modi

The man who facilitated the state sponsored pogrom in Gujarat (2002)

Let's revisit it.

[thread]"
491,"RT @Sanamsi60003623: From Which State You Are 

Supporting Shehnaaz 

#BornFighterSana"
492,RT @RandPaul: Dems claim President Trump‚Äôs motive was political and therefore corrupt. I don‚Äôt suppose its possible that the Democrat impea‚Ä¶
493,"RT @parminder1397: I need to know the state and country our Shehnaz family is from.

Tell in comments with tag #BornFighterSana"
494,New bill wants to keep sugary drinks off kid menus in Washington state IT‚ÄôS NOT THE FUCKING STATE‚ÄôS RESPONSIBILITY‚Ä¶ https://t.co/VuN68stPPH
495,"RT @eliehonig: Trump has repeatedly claimed not to know Lev Parnas. Now, on top of the photos, we have a recording that appears to show the‚Ä¶"
496,"RT @parminder1397: I need to know the state and country our Shehnaz family is from.

Tell in comments with tag #BornFighterSana"
497,"Valentine is coming guys üçï 
One of the best gift you can give to someone you loveüíú
ACTIVE MAN &amp; WOMAN: #3700
SOUL M‚Ä¶ https://t.co/Pca1bWI5M7"
498,RT @kututwo: Today‚Äôs card: when setting boundaries in established relationships there is likelihood of pushback. Don‚Äôt let this sway you. B‚Ä¶
499,"No sir, you have no integrity."
